# Витрина: какой код возврата ОБЯЗАН давать каждый пример и почему. Невис, 30.07.2026 (этап 1, п.5).
#
# 🔴 ЗАЧЕМ ЭТОТ ФАЙЛ. До сегодня «пример упал» и «пример показывает отказ» выглядели одинаково:
#    `pharmacology.nol` отвергается ПО ЗАМЫСЛУ (закупка на неопубликованных данных не проходит
#    по происхождению), а читатель — и я сама час назад — считал её сломанной. Ожидание,
#    объявленное заранее и проверяемое батареей, разводит эти два случая и ловит третий:
#    пример, тихо переставший работать, теперь роняет прогон, а не встречает входящего молча.
#
# 🔴 Ожидание пишется ДО прогона и не правится под результат. Если пример перестал давать свой
#    код — сначала спрашиваем, что сломалось в языке, и только потом трогаем эту строку.
#
# 🔴 Столбец «прелюдия» добавлен 30.07 (этап 2): у каждого примера мера живёт отдельным файлом,
#    и витрина показывает язык таким, каким он теперь есть, а не тем, каким был до разделения.
# столбцы: файл <TAB> запускатор <TAB> код <TAB> require (или -) <TAB> прелюдия (или -) <TAB> почему
examples/chronicle.nol	verdict	0	write_to_chronicle	examples/chronicle.nolp	как выглядит РАЗРЕШЕНИЕ: два корня, охват назван, вера 0.857 ≥ 0.5; действие необратимо, но замкнуто внутри — потому internal, без цитаты
examples/evidence-gate.nol	verdict	5	-	examples/evidence-gate.nolp	корень отозван ПОСЛЕ действий: осиротение и непоправимое. Это не поломка примера, а его смысл — «вот зачем гейт»
examples/pharmacology.nol	verdict	1	-	examples/pharmacology.nolp	закупка требует [испытание·публикация], основание имеет [наблюдение·недоступно]. Язык НЕ ДАЁТ записать закупку на пресс-релизе: отклонение и есть результат
examples/sexp/migration.nol	sexp	0	-	-	ранний слой (s-выражения): трёхзначный гейт на атомах. Вычисляет, а не судит — вердикта у этого носителя нет
examples/sexp/subject.nol	sexp	0	-	-	ранний слой: неуверенность НЕ угадывает, а уходит на другую проверку (:route, :fold-first)
